x,y,type,grouping
2.0,3.0,point,0
6.0,1.0,point,2
1.0,2.0,point,0
3.0,0.0,point,2
5.0,6.0,point,0
10.0,1.0,point,2
3.0,4.0,point,0
6.0,5.0,point,1
9.0,7.0,point,1
1.0,1.0,point,0
3.0,2.0,point,1
2.0,2.0,point,0
2.3333333333333335,3.0,centroid,0
6.0,4.666666666666667,centroid,1
6.333333333333333,0.6666666666666666,centroid,2
