x,y,type,grouping,distance
2,3.0,point,1,1.3333333333333333
6,1.0,point,0,0.0
1,2.0,point,1,1.0540925533894598
3,0.0,point,1,1.9436506316151003
6,1.0,centroid,0,0.0
2,1.6666666666666667,centroid,1,0.0
