x,y,type,grouping,distance
2.0,3.0,point,0,0.7071067811865476
6.0,1.0,point,1,1.5811388300841898
1.0,2.0,point,0,0.7071067811865476
3.0,0.0,point,1,1.5811388300841898
1.5,2.5,centroid,0,0.0
4.5,0.5,centroid,1,0.0
